{
  "train_losses": [
    0.42576992303491135,
    0.022975353608754547,
    0.01421270856168851,
    0.005225433310267078,
    0.0022167600365915184
  ],
  "val_losses": [
    0.0037965236200965032,
    0.0054251597313712836,
    0.10842325840155083,
    0.0002488441670069849,
    0.00019072555239749725
  ],
  "train_accs": [
    0.9333202716823407,
    0.9971590909090909,
    0.9978448275862069,
    0.999542842215256,
    1.0
  ],
  "val_accs": [
    1.0,
    0.9997387328543436,
    0.9882429784454605,
    1.0,
    1.0
  ],
  "final_val_accuracy": 1.0,
  "milestone": "100_percent_accuracy"
}